{
  "timestamp": "2026-05-14 23:38:56",
  "version": "v25-rule-driven",
  "description": "6-dim rule-driven scoring, 8 params optimized",
  "best_obj": 0.6738357843137255,
  "train_beat_idx": 0.4117647058823529,
  "valid_beat_idx": 0.8235294117647058,
  "test_beat_idx": 0.7692307692307693,
  "train_test_gap_pp": -35.7,
  "params": {
    "weights_bull": [
      0.10743403213348336,
      0.19687614823506336,
      0.2724832107518529,
      0.06933095069162497,
      0.2105788063619203,
      0.1432968518260551
    ],
    "weights_range": [
      0.10743403213348336,
      0.19687614823506336,
      0.2724832107518529,
      0.06933095069162497,
      0.2105788063619203,
      0.1432968518260551
    ],
    "weights_bear": [
      0.11983412831656223,
      0.14265266337867788,
      0.30393337560649647,
      0.07733316786590252,
      0.23488393017744855,
      0.12136273465491235
    ],
    "min_score_threshold": 62.247685219155045
  }
}