{
  "timestamp": "2026-05-10 03:27:49",
  "version": "v20-fixed-backtest",
  "full_beat_idx": 0.7049180327868853,
  "stats_by_risk": {},
  "period_consistency": {
    "A": 0.7272727272727273,
    "B": 0.5833333333333334,
    "C": 0.8666666666666667
  },
  "risk2_params": {
    "w_momentum": 0.08385174796394589,
    "w_trend": 0.09376380277612621,
    "w_consistency": 0.09783360374452367,
    "w_vol": 0.08823683810653925,
    "w_rsi": 0.1061197405590471,
    "w_static": 0.0918656623453707,
    "w_defense": 0.10589551015602693,
    "w_sector": 0.10210377634468465,
    "w_low_vol": 0.09623970082417804,
    "w_rel_str": 0.0845901254360193,
    "w_rel_str_3d": 0.04949949174353821,
    "b_consistency": 0.1113907343120525,
    "b_above_ma20": 0.18037533159512487,
    "b_rsi_45_60": 0.11953217436909516,
    "b_sector_hot": 0.44927821801476586,
    "b_rel_str": 0.340292726802478,
    "p_below_ma20": 0.335926357746854,
    "p_high_vol": 0.21056229848836017,
    "p_rsi_overbought": 0.6537704760072061,
    "p_big_move": 0.19607968755783348,
    "p_streak_neg": 0.303158344297091,
    "p_vol_shrink": 0.21571252973837263,
    "p_turn_spike": 0.21889456939493246,
    "p_below_ma5": 0.24837366456111049
  },
  "risk3_params": {
    "w_momentum": 0.15121850919869692,
    "w_trend": 0.02512437045432228,
    "w_consistency": 0.11034200586652135,
    "w_mr": 0.12490895859013941,
    "w_vol": 0.09707720910774785,
    "w_rsi": 0.01987704911843772,
    "w_static": 0.012640365909264211,
    "w_defense": 0.11600149711877583,
    "w_sector_heat": 0.08160643778224246,
    "w_low_vol": 0.021066849799242775,
    "w_rel_str": 0.12820352416756534,
    "w_rel_str_3d": 0.1119332228870439,
    "b_consistency_high": 0.0722100476561498,
    "b_consistency_mid": 0.3243394225205119,
    "b_uptrend_full": 0.16960227128558608,
    "b_uptrend_partial": 0.07832148189182815,
    "b_ma20_above": 0.3345816715384009,
    "p_ma20_below": 0.30853761763717935,
    "b_low_vol_high": 0.09831773886954415,
    "b_low_vol_mid": 0.2654582451931149,
    "p_high_vol": 0.6800815388460527,
    "p_rsi_overbought": 0.07975727011983606,
    "p_rsi_high": 0.4239400913902192,
    "b_rsi_sweet": 0.3990813993665369,
    "b_sector_strong": 0.3132641512943286,
    "b_sector_mild": 0.13983918509778975,
    "p_sector_cold": 0.6853325705928617,
    "p_sector_cool": 0.061964615049911846,
    "b_rel_str_strong": 0.12145451855053827,
    "b_rel_str_mild": 0.051139748077394735,
    "p_big_move5": 0.14293865005692438,
    "p_big_move3": 0.4022290233067711,
    "p_streak": 0.3780105023333208,
    "p_vol_shrink": 0.12996642058324728,
    "p_turn_spike": 0.23283038440520248,
    "p_ma5_below": 0.172174238098889
  },
  "risk45_params": {
    "w_momentum": 0.05954198414723616,
    "w_trend": 0.018619114190991135,
    "w_mr": 0.1427072119444993,
    "w_vol": 0.022789390399138177,
    "w_rsi": 0.11855905531786515,
    "w_static": 0.08298037346436954,
    "w_defense": 0.0650250592310569,
    "w_sector": 0.044408781377005796,
    "w_low_vol": 0.0345946509416379,
    "w_rel_str": 0.130636609369366,
    "w_rel_str_3d": 0.09769982500772875,
    "w_beta": 0.18243794460910517,
    "p_beta_high": 0.6419616253337567,
    "p_beta_mid": 0.46089992506913663,
    "b_beta_low": 0.2769108974535878,
    "b_oversold": 0.34186394996982844,
    "p_overbought": 0.647464726030224,
    "p_high_beta_ind": 0.753360052986822,
    "b_defensive_ind": 0.48740924089803256,
    "b_rel_str_strong": 0.19368272371983936,
    "b_rel_str_very_strong": 0.3001710480023083,
    "b_low_vol": 0.30032139243249195,
    "p_big_drop": 0.30011025394778074,
    "p_big_drop_3d": 0.5973357799478012,
    "p_big_jump": 0.5995066299963571,
    "p_overextended": 0.10437455092114462,
    "b_streak_relstr": 0.3144885195904627
  }
}