{
  "timestamp": "2026-05-06 14:31:31",
  "version": "v18-new-factors-fundflow",
  "full_beat_idx": 0.7241379310344828,
  "stats_by_risk": {},
  "period_consistency": {
    "A": 0.6590909090909091,
    "B": 0.75,
    "C": 0.775
  },
  "risk2_params": {
    "w_momentum": 0.1134464624176136,
    "w_trend": 0.030870914264746065,
    "w_consistency": 0.11564953935040527,
    "w_vol": 0.04499460498113941,
    "w_rsi": 0.10605925290804513,
    "w_static": 0.0992168180993069,
    "w_defense": 0.037464735562688124,
    "w_sector": 0.16040840075916918,
    "w_low_vol": 0.1062089633709625,
    "w_rel_str": 0.07860754840333643,
    "w_rel_str_3d": 0.08118061337593611,
    "w_fund_flow": 0.025892146506651333,
    "boost_consistency": 1.8334870216996533,
    "boost_above_ma20": 1.3557958437865307,
    "boost_rsi_45_60": 1.2536159986884783,
    "boost_sector_hot": 1.7086860017001755,
    "boost_rel_str": 1.0357841436686395,
    "penalty_below_ma20": 0.26787243714504544,
    "penalty_high_vol": 0.2806576402191406,
    "penalty_rsi_overbought": 0.25372300954609056,
    "penalty_big_move": 0.477271223718475,
    "penalty_streak_neg": 0.34370204980770397,
    "penalty_vol_shrink": 0.9149732811464096,
    "penalty_turn_spike": 0.6482263755411708,
    "penalty_below_ma5": 0.9733384445720159,
    "boost_vol_expansion": 1.2438373208573694,
    "penalty_fund_outflow": 0.8525811522832908
  },
  "risk3_params": {
    "w_momentum": 0.10001782743767147,
    "w_trend": 0.09155606569843511,
    "w_consistency": 0.06996288234523687,
    "w_mr": 0.008892988731936374,
    "w_vol": 0.09476057728539268,
    "w_rsi": 0.02414893957951097,
    "w_static": 0.011463617925883055,
    "w_defense": 0.04685376720111917,
    "w_sector_heat": 0.16020534157843344,
    "w_low_vol": 0.05601344914117958,
    "w_rel_str": 0.11961227993612929,
    "w_rel_str_3d": 0.14671597916294357,
    "w_fund_flow": 0.06979628397612846,
    "consistency_boost_high": 1.2475154066890939,
    "consistency_boost_mid": 1.5930352302497488,
    "uptrend_boost_full": 1.105385433932014,
    "uptrend_boost_partial": 1.050198136612279,
    "ma20_above_mult": 0.9467311641533487,
    "ma20_below_mult": 0.2522330813811234,
    "low_vol_mult_high": 1.4670968296526814,
    "low_vol_mult_mid": 1.2751001674486344,
    "high_vol_penalize": 0.36171382666310414,
    "rsi_overbought_mult": 0.15500023504921626,
    "rsi_high_mult": 0.7740903228358307,
    "rsi_sweet_mult": 1.4414159037875807,
    "sector_heat_strong": 1.3391269601416138,
    "sector_heat_mild": 1.0837750951426608,
    "sector_cold": 0.45725884208602235,
    "sector_cool": 0.5172790704551085,
    "rel_str_strong": 1.2445973700103687,
    "rel_str_mild": 1.2901820588093345,
    "big_move5_penalize": 0.08231782993315337,
    "big_move3_penalize": 0.792363495321745,
    "streak_penalize": 0.3236893699247871,
    "vol_shrink_penalize": 0.47557183720352747,
    "turn_spike_penalize": 0.47220508201822975,
    "ma5_below_penalize": 0.6956254001168709,
    "boost_vol_expansion": 1.4720597922838166,
    "penalty_fund_outflow": 0.5600447734781079
  },
  "risk45_params": {
    "w_momentum": 0.019959969264850694,
    "w_trend": 0.05617245869010861,
    "w_mr": 0.1449376133577989,
    "w_vol": 0.004383970263397062,
    "w_rsi": 0.033603287156088534,
    "w_static": 0.056974742602221615,
    "w_defense": 0.05174328422238038,
    "w_sector": 0.036724649151997184,
    "w_low_vol": 0.03446275454194973,
    "w_rel_str": 0.23556042810024597,
    "w_rel_str_3d": 0.04701900892303338,
    "w_beta": 0.183607999524119,
    "w_fund_flow": 0.094849834201809,
    "penalty_beta_high": 0.6709888184387678,
    "penalty_beta_mid": 0.6807989751340723,
    "boost_beta_low": 1.0287865172064852,
    "boost_oversold": 0.9504618141820191,
    "penalty_overbought": 0.113764048130189,
    "penalty_high_beta_ind": 0.6492819648959179,
    "boost_defensive_ind": 1.7786418858307562,
    "boost_rel_str_strong": 1.715801263204495,
    "boost_rel_str_very_strong": 0.9024665853371273,
    "boost_low_vol": 0.9744021042181373,
    "penalty_big_drop": 0.4995684948617996,
    "penalty_big_drop_3d": 0.3417287821882413,
    "penalty_big_jump": 0.24103924295025086,
    "penalty_overextended": 0.616668181441534,
    "boost_streak_relstr": 1.2377270669501041,
    "boost_fund_inflow_def": 1.2458547502959414,
    "penalty_fund_outflow": 0.36371407871099026
  }
}