{
  "timestamp": "2026-05-14 10:15:23",
  "version": "v24-walk-forward",
  "description": "Walk-forward: train A+B, valid C, test D. Unified scoring + tradeability filter.",
  "train_beat_idx": 0.5555555555555556,
  "valid_beat_idx": 0.6666666666666666,
  "test_beat_idx": 0.6923076923076923,
  "test_beat_idx_filtered": 0.6923076923076923,
  "train_valid_gap": -13.675213675213671,
  "period_consistency": {
    "A": 0.5294117647058824,
    "B": 0.5789473684210527,
    "C": 0.6666666666666666,
    "D": 0.6923076923076923
  },
  "unified_params": {
    "w_momentum": 0.24576639577945625,
    "w_trend": 0.038133871791111565,
    "w_consistency": 0.012837384656022431,
    "w_mr": 0.09854174414234308,
    "w_vol": 0.10056737123705706,
    "w_rsi": 0.013778394502578185,
    "w_static": 0.010962625088987248,
    "w_defense": 0.060829105945091964,
    "w_sector_heat": 0.07985376345091731,
    "w_low_vol": 0.017815365487661553,
    "w_rel_str": 0.12464805887718054,
    "w_rel_str_3d": 0.021088484849988987,
    "w_bb": 0.10659226593973965,
    "w_support": 0.0196359988823545,
    "w_obv": 0.0489491693695097,
    "b_consistency_high": 0.3065269026297952,
    "b_consistency_mid": 0.23249662245767458,
    "b_uptrend_full": 0.2571661969997708,
    "b_uptrend_partial": 0.5672652088716832,
    "b_ma20_above": 0.5123476121352465,
    "p_ma20_below": 0.4783596773434827,
    "b_low_vol_high": 0.5852265156578179,
    "b_low_vol_mid": 0.47114553879177756,
    "p_high_vol": 0.7996360323369832,
    "p_rsi_overbought": 0.08369664034858561,
    "p_rsi_high": 0.49987321758894665,
    "b_rsi_sweet": 0.5598515798740427,
    "b_sector_strong": 0.486406849085449,
    "b_sector_mild": 0.5564779880718085,
    "p_sector_cold": 0.375493175084203,
    "b_rel_str_strong": 0.07636996742319739,
    "b_rel_str_mild": 0.5277799194241096,
    "p_big_move5": 0.5141264970514059,
    "p_big_move3": 0.10463922383681243,
    "p_streak": 0.4092243118730415,
    "p_vol_shrink": 0.4870286597208384,
    "p_turn_spike": 0.5438581696773854,
    "p_ma5_below": 0.2852928715837718,
    "p_exhaustion": 0.28953320369004254,
    "p_vp_diverge": 0.41738600367583817,
    "b_crisis_defensive": 0.5467770160250113,
    "b_crisis_low_beta": 0.10703694201558309
  }
}